Bins,Year,Other,< 1 year,1 year,2 years,3 years,4 years,5 years,6 years,7 years,8 years,9 years,10+ years
"$0-$4,999",All,N/A,1.842176813,9.541142741,9.770927098,9.778895933,10.33989479,5.488798119,11.19596491,13.4316323,12.21322,12.84485664,13.26975977
"$5,000-$9,999",All,N/A,2.546787236,16.12315063,15.83648151,16.37139697,16.78701728,8.730914629,18.2243698,20.28931108,19.74336202,20.25580118,18.82035725
"$10,000-$14,999",All,N/A,2.450917558,17.33047088,17.93087741,18.85967877,18.50881975,8.907393431,19.66891041,20.60018223,20.76007409,24.53669721,20.39319285
"$15,000-$19,999",All,N/A,2.0997473,15.80629134,15.37664006,17.52331977,17.31153128,7.503860247,18.71408076,21.12051832,19.48905978,24.37977926,21.97985188
"$20,000-$24,999",All,N/A,1.578175259,13.44777688,12.90663273,13.03583943,14.35678127,6.879699348,15.83748951,15.98764598,16.7685172,19.90956575,17.67905488
"$25,000-$29,999",All,N/A,0.687657571,10.50769068,10.95590166,10.07548715,10.76191281,3.994625428,11.84338128,11.75906085,11.30659694,14.74199441,14.97688607
"$35,000-$39,999",All,N/A,0.066270612,6.332823598,6.44622378,6.474079555,6.95144325,2.100191547,8.26848038,9.020208437,8.554131132,9.972816655,10.32012545
"$30,000-$34,999",All,N/A,0.108876335,7.18477949,8.478440311,8.244398325,8.60814853,2.349355874,9.774510877,10.21631226,9.46903187,11.45356595,9.976797566
"$40,000-$44,999",All,N/A,0.01465434,2.017036178,2.397897285,2.639583587,2.766929178,2.794228599,3.368308144,3.405372051,5.177444133,4.250570628,3.253522933